case_candidate_id,sample_id,sample_type,attack_family,attack_name,attack_target_model,original_image_id,generated_image_id,fold,final_label,source_dataset,image_relative_path,image_sha256_manifest,image_md5_manifest,manifest_source,evaluated_model,evaluation_fold,model_checkpoint_path,image_exists,image_sha256_actual,image_md5_actual,prediction,confidence,prob_non_weapon,prob_weapon,true_label_confidence,correct,error,created_at,clean_correct,clean_confidence,confidence_delta_vs_clean,sample_type_norm,final_label_norm,prediction_norm,attack_name_norm,attack_family_norm,confidence_numeric,correct_bool,clean_correct_bool,true_label_confidence_delta_numeric,attack_filter_key,priority_rank,priority_score,true_label_drop_abs,unique_case_key,attack_order,manual_xai_decision,manual_xai_notes,manual_reviewer_id,manual_timestamp,manual_xai_state
candidate_0001,img_00000001__fgsm__efficientnet_b0,perturbed,adversarial,fgsm,efficientnet_b0,img_00000001,img_00000001__fgsm__efficientnet_b0,fold_2,weapon,01_kaggle_weapon,attacks/adversarial/fgsm/efficientnet_b0/fold_2/weapon/img_00000001__fgsm__efficientnet_b0.png,15474528907adadedb41d78601577da602a2107efc26db29138e53ca48574d56,c997927e4a616bfaeda1a4f16d270edd,attacks/manifests/adversarial_fgsm_efficientnet_b0_manifest.csv,efficientnet_b0,fold_2,models/checkpoints/efficientnet_b0/fold_2.pt,True,15474528907adadedb41d78601577da602a2107efc26db29138e53ca48574d56,c997927e4a616bfaeda1a4f16d270edd,non_weapon,0.999484658241272,0.999484658241272,0.0005153506645001,0.0005153506645001,False,,2026-05-11T17:03:55+00:00,True,0.960702896118164,0.0387817621231079,perturbed,weapon,non_weapon,fgsm,adversarial,0.999484658241272,False,True,0.0,fgsm,1,0.999484658241272,0.0,img_00000001,0,,,,,pending
candidate_0002,img_00014484__fgsm__efficientnet_b0,perturbed,adversarial,fgsm,efficientnet_b0,img_00014484,img_00014484__fgsm__efficientnet_b0,fold_2,weapon,05_deepweb,attacks/adversarial/fgsm/efficientnet_b0/fold_2/weapon/img_00014484__fgsm__efficientnet_b0.png,8e79e4fb3a6135db5b104b9386a271ba5f23c598bcedb7ae704987e5a17b9f35,34e6999e81a107faa6640ef165ef2b4b,attacks/manifests/adversarial_fgsm_efficientnet_b0_manifest.csv,efficientnet_b0,fold_2,models/checkpoints/efficientnet_b0/fold_2.pt,True,8e79e4fb3a6135db5b104b9386a271ba5f23c598bcedb7ae704987e5a17b9f35,34e6999e81a107faa6640ef165ef2b4b,non_weapon,0.9992629885673524,0.9992629885673524,0.0007369476370513,0.0007369476370513,False,,2026-05-11T17:03:55+00:00,True,0.5298157930374146,0.4694471955299377,perturbed,weapon,non_weapon,fgsm,adversarial,0.9992629885673524,False,True,0.0,fgsm,1,0.9992629885673524,0.0,img_00014484,0,,,,,pending
candidate_0003,img_00012742__fgsm__efficientnet_b0,perturbed,adversarial,fgsm,efficientnet_b0,img_00012742,img_00012742__fgsm__efficientnet_b0,fold_3,weapon,03_google_scraped,attacks/adversarial/fgsm/efficientnet_b0/fold_3/weapon/img_00012742__fgsm__efficientnet_b0.png,5aeeffd5b5463f0037df414f2d39bfbe1c56843651f46436837661ed3d83b7c2,99459661942e2bd6fb5b3313307add6d,attacks/manifests/adversarial_fgsm_efficientnet_b0_manifest.csv,efficientnet_b0,fold_3,models/checkpoints/efficientnet_b0/fold_3.pt,True,5aeeffd5b5463f0037df414f2d39bfbe1c56843651f46436837661ed3d83b7c2,99459661942e2bd6fb5b3313307add6d,non_weapon,0.9990498423576356,0.9990498423576356,0.0009501432068645,0.0009501432068645,False,,2026-05-11T17:03:55+00:00,True,0.6452012062072754,0.3538486361503601,perturbed,weapon,non_weapon,fgsm,adversarial,0.9990498423576356,False,True,0.0,fgsm,1,0.9990498423576356,0.0,img_00012742,0,,,,,pending
candidate_0004,img_00014510__one_pixel__efficientnet_b0,perturbed,adversarial,one_pixel,efficientnet_b0,img_00014510,img_00014510__one_pixel__efficientnet_b0,fold_3,weapon,05_deepweb,attacks/adversarial/one_pixel/efficientnet_b0/fold_3/weapon/img_00014510__one_pixel__efficientnet_b0.png,ed6b8facfd174ef04635e748db6ec9af252b08c9629e7548ec2d5239d2092e75,035d085373d526107b238424e7e8618d,attacks/manifests/adversarial_one_pixel_efficientnet_b0_manifest.csv,efficientnet_b0,fold_3,models/checkpoints/efficientnet_b0/fold_3.pt,True,ed6b8facfd174ef04635e748db6ec9af252b08c9629e7548ec2d5239d2092e75,035d085373d526107b238424e7e8618d,non_weapon,0.50980544090271,0.50980544090271,0.4901945292949676,0.4901945292949676,False,,2026-05-11T17:03:55+00:00,True,0.6350021362304688,-0.1251966953277588,perturbed,weapon,non_weapon,one_pixel,adversarial,0.50980544090271,False,True,0.0,one_pixel,1,0.50980544090271,0.0,img_00014510,1,,,,,pending
candidate_0005,img_00014947__one_pixel__efficientnet_b0,perturbed,adversarial,one_pixel,efficientnet_b0,img_00014947,img_00014947__one_pixel__efficientnet_b0,fold_4,non_weapon,05_deepweb,attacks/adversarial/one_pixel/efficientnet_b0/fold_4/non_weapon/img_00014947__one_pixel__efficientnet_b0.png,40b7bbd500361a8a66e52394843084a6b9b00dad4141fb29ea8b7b1606803408,af053b0c024a5f57c872797df8e703fe,attacks/manifests/adversarial_one_pixel_efficientnet_b0_manifest.csv,efficientnet_b0,fold_4,models/checkpoints/efficientnet_b0/fold_4.pt,True,40b7bbd500361a8a66e52394843084a6b9b00dad4141fb29ea8b7b1606803408,af053b0c024a5f57c872797df8e703fe,weapon,0.5017078518867493,0.4982922375202179,0.5017078518867493,0.4982922375202179,False,,2026-05-11T17:03:55+00:00,True,0.5465148687362671,-0.0448070168495178,perturbed,non_weapon,weapon,one_pixel,adversarial,0.5017078518867493,False,True,0.0,one_pixel,2,0.5017078518867493,0.0,img_00014947,1,,,,,pending
candidate_0006,img_00012949__one_pixel__efficientnet_b0,perturbed,adversarial,one_pixel,efficientnet_b0,img_00012949,img_00012949__one_pixel__efficientnet_b0,fold_2,non_weapon,03_google_scraped,attacks/adversarial/one_pixel/efficientnet_b0/fold_2/non_weapon/img_00012949__one_pixel__efficientnet_b0.png,fcb6c79d323e473ba03d836f8ac94b14a4e677e0bc96faa29c410a7de8171f2c,8af16f1fe3094fcb6cfd09dfad035da4,attacks/manifests/adversarial_one_pixel_efficientnet_b0_manifest.csv,efficientnet_b0,fold_2,models/checkpoints/efficientnet_b0/fold_2.pt,True,fcb6c79d323e473ba03d836f8ac94b14a4e677e0bc96faa29c410a7de8171f2c,8af16f1fe3094fcb6cfd09dfad035da4,weapon,0.999757707118988,0.0002423349505988,0.999757707118988,0.0002423349505988,False,,2026-05-11T17:03:55+00:00,False,0.9997519850730896,5.7220458984375e-06,perturbed,non_weapon,weapon,one_pixel,adversarial,0.999757707118988,False,False,0.0,one_pixel,3,0.999757707118988,0.0,img_00012949,1,,,,,pending
candidate_0007,img_00004534__sigma_zero__efficientnet_b0,perturbed,adversarial,sigma_zero,efficientnet_b0,img_00004534,img_00004534__sigma_zero__efficientnet_b0,fold_5,weapon,02_deepfirearm,attacks/adversarial/sigma_zero/efficientnet_b0/fold_5/weapon/img_00004534__sigma_zero__efficientnet_b0.png,c98a5837dbee373c2d750e32204eae4ceea6bb75afcbdac9cf135a8c1bc76d7c,6471d6288784c40b2a04c5c9163b59f2,attacks/manifests/adversarial_sigma_zero_efficientnet_b0_manifest.csv,efficientnet_b0,fold_5,models/checkpoints/efficientnet_b0/fold_5.pt,True,c98a5837dbee373c2d750e32204eae4ceea6bb75afcbdac9cf135a8c1bc76d7c,6471d6288784c40b2a04c5c9163b59f2,non_weapon,0.9572362899780272,0.9572362899780272,0.0427637174725532,0.0427637174725532,False,,2026-05-11T17:03:55+00:00,True,0.9984159469604492,-0.0411796569824218,perturbed,weapon,non_weapon,sigma_zero,adversarial,0.9572362899780272,False,True,0.0,sigma_zero,1,0.9572362899780272,0.0,img_00004534,2,,,,,pending
candidate_0008,img_00009539__sigma_zero__efficientnet_b0,perturbed,adversarial,sigma_zero,efficientnet_b0,img_00009539,img_00009539__sigma_zero__efficientnet_b0,fold_3,weapon,02_deepfirearm,attacks/adversarial/sigma_zero/efficientnet_b0/fold_3/weapon/img_00009539__sigma_zero__efficientnet_b0.png,6301e20c94a5cb0461926cb4d2edfc83a43459a7b3721242c91a4130c56bf5c6,a578856efdc3f48a83ac3c08e763e55f,attacks/manifests/adversarial_sigma_zero_efficientnet_b0_manifest.csv,efficientnet_b0,fold_3,models/checkpoints/efficientnet_b0/fold_3.pt,True,6301e20c94a5cb0461926cb4d2edfc83a43459a7b3721242c91a4130c56bf5c6,a578856efdc3f48a83ac3c08e763e55f,non_weapon,0.9403375387191772,0.9403375387191772,0.0596624836325645,0.0596624836325645,False,,2026-05-11T17:03:55+00:00,True,0.99956876039505,-0.0592312216758728,perturbed,weapon,non_weapon,sigma_zero,adversarial,0.9403375387191772,False,True,0.0,sigma_zero,1,0.9403375387191772,0.0,img_00009539,2,,,,,pending
candidate_0009,img_00014419__sigma_zero__efficientnet_b0,perturbed,adversarial,sigma_zero,efficientnet_b0,img_00014419,img_00014419__sigma_zero__efficientnet_b0,fold_3,weapon,05_deepweb,attacks/adversarial/sigma_zero/efficientnet_b0/fold_3/weapon/img_00014419__sigma_zero__efficientnet_b0.png,c2a2ac6af3722e12d77951bec9804dd6364f3e33df2c869a70a2e90eb5c07881,6a1b8a8c8bb8fb3001ea466b7b290c49,attacks/manifests/adversarial_sigma_zero_efficientnet_b0_manifest.csv,efficientnet_b0,fold_3,models/checkpoints/efficientnet_b0/fold_3.pt,True,c2a2ac6af3722e12d77951bec9804dd6364f3e33df2c869a70a2e90eb5c07881,6a1b8a8c8bb8fb3001ea466b7b290c49,non_weapon,0.8676846027374268,0.8676846027374268,0.132315382361412,0.132315382361412,False,,2026-05-11T17:03:55+00:00,True,0.9981704950332642,-0.1304858922958374,perturbed,weapon,non_weapon,sigma_zero,adversarial,0.8676846027374268,False,True,0.0,sigma_zero,1,0.8676846027374268,0.0,img_00014419,2,,,,,pending
candidate_0010,img_00015090__superdeepfool__efficientnet_b0,perturbed,adversarial,superdeepfool,efficientnet_b0,img_00015090,img_00015090__superdeepfool__efficientnet_b0,fold_5,non_weapon,05_deepweb,attacks/adversarial/superdeepfool/efficientnet_b0/fold_5/non_weapon/img_00015090__superdeepfool__efficientnet_b0.png,f9ce657def080ec4c65b875c40a96c24898d899d82464e56a4a3a5e06bd074d2,dfcfff03b862b02c9010f3feb255fdb8,attacks/manifests/adversarial_superdeepfool_efficientnet_b0_manifest.csv,efficientnet_b0,fold_5,models/checkpoints/efficientnet_b0/fold_5.pt,True,f9ce657def080ec4c65b875c40a96c24898d899d82464e56a4a3a5e06bd074d2,dfcfff03b862b02c9010f3feb255fdb8,weapon,0.924714207649231,0.0752857401967048,0.924714207649231,0.0752857401967048,False,,2026-05-11T17:03:55+00:00,True,0.9727801084518432,-0.0480659008026123,perturbed,non_weapon,weapon,superdeepfool,adversarial,0.924714207649231,False,True,0.0,superdeepfool,2,0.924714207649231,0.0,img_00015090,3,,,,,pending
candidate_0011,img_00015272__superdeepfool__efficientnet_b0,perturbed,adversarial,superdeepfool,efficientnet_b0,img_00015272,img_00015272__superdeepfool__efficientnet_b0,fold_5,non_weapon,05_deepweb,attacks/adversarial/superdeepfool/efficientnet_b0/fold_5/non_weapon/img_00015272__superdeepfool__efficientnet_b0.png,977f47bc1a714a0bf1b09974f1e43f30c89ac5c6b22273e2cce52a97c8b0e2aa,5979e4b6b7e76450b15e90cc47c1f9e5,attacks/manifests/adversarial_superdeepfool_efficientnet_b0_manifest.csv,efficientnet_b0,fold_5,models/checkpoints/efficientnet_b0/fold_5.pt,True,977f47bc1a714a0bf1b09974f1e43f30c89ac5c6b22273e2cce52a97c8b0e2aa,5979e4b6b7e76450b15e90cc47c1f9e5,weapon,0.8692224621772766,0.1307774782180786,0.8692224621772766,0.1307774782180786,False,,2026-05-11T17:03:55+00:00,True,0.9915189146995544,-0.1222964525222778,perturbed,non_weapon,weapon,superdeepfool,adversarial,0.8692224621772766,False,True,0.0,superdeepfool,2,0.8692224621772766,0.0,img_00015272,3,,,,,pending
candidate_0012,img_00014412__superdeepfool__efficientnet_b0,perturbed,adversarial,superdeepfool,efficientnet_b0,img_00014412,img_00014412__superdeepfool__efficientnet_b0,fold_5,non_weapon,05_deepweb,attacks/adversarial/superdeepfool/efficientnet_b0/fold_5/non_weapon/img_00014412__superdeepfool__efficientnet_b0.png,fa0e686012358339ae1b84b86a562a8746a9f04cafd518e3aab00295a7a07053,3248bb1de97992e85af3e8dbc01452b9,attacks/manifests/adversarial_superdeepfool_efficientnet_b0_manifest.csv,efficientnet_b0,fold_5,models/checkpoints/efficientnet_b0/fold_5.pt,True,fa0e686012358339ae1b84b86a562a8746a9f04cafd518e3aab00295a7a07053,3248bb1de97992e85af3e8dbc01452b9,weapon,0.8149763941764832,0.1850236356258392,0.8149763941764832,0.1850236356258392,False,,2026-05-11T17:03:55+00:00,True,0.9990338087081908,-0.1840574145317077,perturbed,non_weapon,weapon,superdeepfool,adversarial,0.8149763941764832,False,True,0.0,superdeepfool,2,0.8149763941764832,0.0,img_00014412,3,,,,,pending
candidate_0013,img_00014484__color_shift__model_agnostic,perturbed,adversarial,color_shift,model_agnostic,img_00014484,img_00014484__color_shift__model_agnostic,fold_2,weapon,05_deepweb,attacks/adversarial/color_shift/model_agnostic/fold_2/weapon/img_00014484__color_shift__model_agnostic.jpg,474aa54df26172135cca6d7630e413d5812b390b87807628955c38185dbdc6eb,279ba0b8dadb39b5fc5d51d3ca302ee0,attacks/manifests/adversarial_color_shift_manifest.csv,efficientnet_b0,fold_2,models/checkpoints/efficientnet_b0/fold_2.pt,True,474aa54df26172135cca6d7630e413d5812b390b87807628955c38185dbdc6eb,279ba0b8dadb39b5fc5d51d3ca302ee0,non_weapon,0.6469144821166992,0.6469144821166992,0.3530855178833008,0.3530855178833008,False,,2026-05-11T17:03:55+00:00,True,0.5298157930374146,0.1170986890792846,perturbed,weapon,non_weapon,color_shift,adversarial,0.6469144821166992,False,True,0.0,color_shift,1,0.6469144821166992,0.0,img_00014484,4,,,,,pending
candidate_0014,img_00014675__color_shift__model_agnostic,perturbed,adversarial,color_shift,model_agnostic,img_00014675,img_00014675__color_shift__model_agnostic,fold_4,non_weapon,05_deepweb,attacks/adversarial/color_shift/model_agnostic/fold_4/non_weapon/img_00014675__color_shift__model_agnostic.jpg,c027e8a8475502b89a845ee253472d83f716c3b657f9dc64552dcf8ce341375b,8545ab7a6671005a3e9e6654d3741403,attacks/manifests/adversarial_color_shift_manifest.csv,efficientnet_b0,fold_4,models/checkpoints/efficientnet_b0/fold_4.pt,True,c027e8a8475502b89a845ee253472d83f716c3b657f9dc64552dcf8ce341375b,8545ab7a6671005a3e9e6654d3741403,weapon,0.5584307312965393,0.4415692389011383,0.5584307312965393,0.4415692389011383,False,,2026-05-11T17:03:55+00:00,True,0.5917089581489563,-0.0332782268524169,perturbed,non_weapon,weapon,color_shift,adversarial,0.5584307312965393,False,True,0.0,color_shift,2,0.5584307312965393,0.0,img_00014675,4,,,,,pending
candidate_0015,img_00012949__color_shift__model_agnostic,perturbed,adversarial,color_shift,model_agnostic,img_00012949,img_00012949__color_shift__model_agnostic,fold_2,non_weapon,03_google_scraped,attacks/adversarial/color_shift/model_agnostic/fold_2/non_weapon/img_00012949__color_shift__model_agnostic.jpg,ff5ccfa1f5cbd95db073818cb43168fffe2a0e7688c1966aacc55d8170500ed9,f8cc2c97b4fe7e2d684800520e1d53c5,attacks/manifests/adversarial_color_shift_manifest.csv,efficientnet_b0,fold_2,models/checkpoints/efficientnet_b0/fold_2.pt,True,ff5ccfa1f5cbd95db073818cb43168fffe2a0e7688c1966aacc55d8170500ed9,f8cc2c97b4fe7e2d684800520e1d53c5,weapon,0.9998433589935304,0.0001566656428622,0.9998433589935304,0.0001566656428622,False,,2026-05-11T17:03:55+00:00,False,0.9997519850730896,9.137392044067384e-05,perturbed,non_weapon,weapon,color_shift,adversarial,0.9998433589935304,False,False,0.0,color_shift,3,0.9998433589935304,0.0,img_00012949,4,,,,,pending
candidate_0016,img_00014484__jpeg_recompression,perturbed,anti_forensic,jpeg_recompression,unknown,img_00014484,img_00014484__jpeg_recompression,fold_2,weapon,05_deepweb,attacks/anti_forensic/jpeg_recompression/fold_2/weapon/img_00014484__jpeg_recompression.jpg,a2b045402fa4f683a12e1fdd34d44b1704d40d42a8cc0acff499625b905e7a12,8f9f4d94a60f08d0692fa60edc56ad36,attacks/manifests/anti_forensic_attacks_manifest.csv,efficientnet_b0,fold_2,models/checkpoints/efficientnet_b0/fold_2.pt,True,a2b045402fa4f683a12e1fdd34d44b1704d40d42a8cc0acff499625b905e7a12,8f9f4d94a60f08d0692fa60edc56ad36,non_weapon,0.5377478003501892,0.5377478003501892,0.4622521102428436,0.4622521102428436,False,,2026-05-11T17:03:55+00:00,True,0.5298157930374146,0.0079320073127746,perturbed,weapon,non_weapon,jpeg_recompression,anti_forensic,0.5377478003501892,False,True,0.0,jpeg_recompression,1,0.5377478003501892,0.0,img_00014484,5,,,,,pending
candidate_0017,img_00014675__jpeg_recompression,perturbed,anti_forensic,jpeg_recompression,unknown,img_00014675,img_00014675__jpeg_recompression,fold_4,non_weapon,05_deepweb,attacks/anti_forensic/jpeg_recompression/fold_4/non_weapon/img_00014675__jpeg_recompression.jpg,0ab9c7a5152edfdefe517a3b1ec33f1a731e2ac2004c165dca00132cdfbf547b,c0f649aaa8a4b2be97fbd2e2fa0f8773,attacks/manifests/anti_forensic_attacks_manifest.csv,efficientnet_b0,fold_4,models/checkpoints/efficientnet_b0/fold_4.pt,True,0ab9c7a5152edfdefe517a3b1ec33f1a731e2ac2004c165dca00132cdfbf547b,c0f649aaa8a4b2be97fbd2e2fa0f8773,weapon,0.5987850427627563,0.4012149572372436,0.5987850427627563,0.4012149572372436,False,,2026-05-11T17:03:55+00:00,True,0.5917089581489563,0.0070760846138,perturbed,non_weapon,weapon,jpeg_recompression,anti_forensic,0.5987850427627563,False,True,0.0,jpeg_recompression,2,0.5987850427627563,0.0,img_00014675,5,,,,,pending
candidate_0018,img_00012949__jpeg_recompression,perturbed,anti_forensic,jpeg_recompression,unknown,img_00012949,img_00012949__jpeg_recompression,fold_2,non_weapon,03_google_scraped,attacks/anti_forensic/jpeg_recompression/fold_2/non_weapon/img_00012949__jpeg_recompression.jpg,aff0241492b4c16bf444d4eb52a3d0c96cacdccfaaad054d84bf8897fd45d581,6007c3dc1c3d80f4c03a1a06eeaffe64,attacks/manifests/anti_forensic_attacks_manifest.csv,efficientnet_b0,fold_2,models/checkpoints/efficientnet_b0/fold_2.pt,True,aff0241492b4c16bf444d4eb52a3d0c96cacdccfaaad054d84bf8897fd45d581,6007c3dc1c3d80f4c03a1a06eeaffe64,weapon,0.999749720096588,0.0002502320858184,0.999749720096588,0.0002502320858184,False,,2026-05-11T17:03:55+00:00,False,0.9997519850730896,-2.264976501464844e-06,perturbed,non_weapon,weapon,jpeg_recompression,anti_forensic,0.999749720096588,False,False,0.0,jpeg_recompression,3,0.999749720096588,0.0,img_00012949,5,,,,,pending
candidate_0019,img_00014510__resample_resize,perturbed,anti_forensic,resample_resize,unknown,img_00014510,img_00014510__resample_resize,fold_3,weapon,05_deepweb,attacks/anti_forensic/resample_resize/fold_3/weapon/img_00014510__resample_resize.jpg,aa340267bb073fd228f76384ff495d1d0e9ce6117a46a3de4ad1519fa3a1ddb8,5b5c7ae905749879e77bcecbf2bce98b,attacks/manifests/anti_forensic_attacks_manifest.csv,efficientnet_b0,fold_3,models/checkpoints/efficientnet_b0/fold_3.pt,True,aa340267bb073fd228f76384ff495d1d0e9ce6117a46a3de4ad1519fa3a1ddb8,5b5c7ae905749879e77bcecbf2bce98b,non_weapon,0.6797064542770386,0.6797064542770386,0.3202936053276062,0.3202936053276062,False,,2026-05-11T17:03:55+00:00,True,0.6350021362304688,0.0447043180465698,perturbed,weapon,non_weapon,resample_resize,anti_forensic,0.6797064542770386,False,True,0.0,resample_resize,1,0.6797064542770386,0.0,img_00014510,6,,,,,pending
candidate_0020,img_00000474__resample_resize,perturbed,anti_forensic,resample_resize,unknown,img_00000474,img_00000474__resample_resize,fold_3,weapon,02_deepfirearm,attacks/anti_forensic/resample_resize/fold_3/weapon/img_00000474__resample_resize.jpg,e17fa5769dd9f009c1ed8390428f39536259eb443c8d29b1e0a8799995a732a9,406ed411ac1ea3bc277e3c522a63bc65,attacks/manifests/anti_forensic_attacks_manifest.csv,efficientnet_b0,fold_3,models/checkpoints/efficientnet_b0/fold_3.pt,True,e17fa5769dd9f009c1ed8390428f39536259eb443c8d29b1e0a8799995a732a9,406ed411ac1ea3bc277e3c522a63bc65,non_weapon,0.6388352513313293,0.6388352513313293,0.3611647486686706,0.3611647486686706,False,,2026-05-11T17:03:55+00:00,True,0.8375919461250305,-0.1987566947937011,perturbed,weapon,non_weapon,resample_resize,anti_forensic,0.6388352513313293,False,True,0.0,resample_resize,1,0.6388352513313293,0.0,img_00000474,6,,,,,pending
candidate_0021,img_00012949__resample_resize,perturbed,anti_forensic,resample_resize,unknown,img_00012949,img_00012949__resample_resize,fold_2,non_weapon,03_google_scraped,attacks/anti_forensic/resample_resize/fold_2/non_weapon/img_00012949__resample_resize.jpg,b4f42a74973ff98a54283578299f443aaee46a28f076f7b6c736689a2d7ebf83,e745611ff12983c0afa5da21365e56b2,attacks/manifests/anti_forensic_attacks_manifest.csv,efficientnet_b0,fold_2,models/checkpoints/efficientnet_b0/fold_2.pt,True,b4f42a74973ff98a54283578299f443aaee46a28f076f7b6c736689a2d7ebf83,e745611ff12983c0afa5da21365e56b2,weapon,0.9996960163116456,0.0003040672454517,0.9996960163116456,0.0003040672454517,False,,2026-05-11T17:03:55+00:00,False,0.9997519850730896,-5.59687614440918e-05,perturbed,non_weapon,weapon,resample_resize,anti_forensic,0.9996960163116456,False,False,0.0,resample_resize,3,0.9996960163116456,0.0,img_00012949,6,,,,,pending
candidate_0022,img_00000474__gaussian_blur,perturbed,anti_forensic,gaussian_blur,unknown,img_00000474,img_00000474__gaussian_blur,fold_3,weapon,02_deepfirearm,attacks/anti_forensic/gaussian_blur/fold_3/weapon/img_00000474__gaussian_blur.jpg,2b6dace7a02fa60c16e66111affa712404ff0da0c3587f30559112456530793b,70b42bc42630ea30b2469ad1c3b80a31,attacks/manifests/anti_forensic_attacks_manifest.csv,efficientnet_b0,fold_3,models/checkpoints/efficientnet_b0/fold_3.pt,True,2b6dace7a02fa60c16e66111affa712404ff0da0c3587f30559112456530793b,70b42bc42630ea30b2469ad1c3b80a31,non_weapon,0.9104141592979432,0.9104141592979432,0.0895858108997345,0.0895858108997345,False,,2026-05-11T17:03:55+00:00,True,0.8375919461250305,0.0728222131729126,perturbed,weapon,non_weapon,gaussian_blur,anti_forensic,0.9104141592979432,False,True,0.0,gaussian_blur,1,0.9104141592979432,0.0,img_00000474,7,,,,,pending
candidate_0023,img_00014510__gaussian_blur,perturbed,anti_forensic,gaussian_blur,unknown,img_00014510,img_00014510__gaussian_blur,fold_3,weapon,05_deepweb,attacks/anti_forensic/gaussian_blur/fold_3/weapon/img_00014510__gaussian_blur.jpg,7d6d77ff2b3b6c2522f070940c547da3c52f0982e9d398b876fa2611bee99e41,e59f22ba7bf770dc36fa021fb782ff8a,attacks/manifests/anti_forensic_attacks_manifest.csv,efficientnet_b0,fold_3,models/checkpoints/efficientnet_b0/fold_3.pt,True,7d6d77ff2b3b6c2522f070940c547da3c52f0982e9d398b876fa2611bee99e41,e59f22ba7bf770dc36fa021fb782ff8a,non_weapon,0.8370004892349243,0.8370004892349243,0.1629995256662368,0.1629995256662368,False,,2026-05-11T17:03:55+00:00,True,0.6350021362304688,0.2019983530044555,perturbed,weapon,non_weapon,gaussian_blur,anti_forensic,0.8370004892349243,False,True,0.0,gaussian_blur,1,0.8370004892349243,0.0,img_00014510,7,,,,,pending
candidate_0024,img_00013599__gaussian_blur,perturbed,anti_forensic,gaussian_blur,unknown,img_00013599,img_00013599__gaussian_blur,fold_2,weapon,04_telegram_youtube,attacks/anti_forensic/gaussian_blur/fold_2/weapon/img_00013599__gaussian_blur.jpg,0a6d467cd3b9d74c668c3f4652c536346af377c61da5e822356d949139f39c0a,1b569629534fb134dacbdc46facda534,attacks/manifests/anti_forensic_attacks_manifest.csv,efficientnet_b0,fold_2,models/checkpoints/efficientnet_b0/fold_2.pt,True,0a6d467cd3b9d74c668c3f4652c536346af377c61da5e822356d949139f39c0a,1b569629534fb134dacbdc46facda534,non_weapon,0.8314779996871948,0.8314779996871948,0.1685219705104828,0.1685219705104828,False,,2026-05-11T17:03:55+00:00,True,0.728446900844574,0.1030310988426208,perturbed,weapon,non_weapon,gaussian_blur,anti_forensic,0.8314779996871948,False,True,0.0,gaussian_blur,1,0.8314779996871948,0.0,img_00013599,7,,,,,pending
candidate_0025,img_00000474__histogram_modification,perturbed,anti_forensic,histogram_modification,unknown,img_00000474,img_00000474__histogram_modification,fold_3,weapon,02_deepfirearm,attacks/anti_forensic/histogram_modification/fold_3/weapon/img_00000474__histogram_modification.jpg,654d7cd23018aaeaffa4d599cdc08d443d5af7808ae9de89c0839ab46e0624a8,91086b52a0016aac17e3f890a6460e5f,attacks/manifests/anti_forensic_attacks_manifest.csv,efficientnet_b0,fold_3,models/checkpoints/efficientnet_b0/fold_3.pt,True,654d7cd23018aaeaffa4d599cdc08d443d5af7808ae9de89c0839ab46e0624a8,91086b52a0016aac17e3f890a6460e5f,non_weapon,0.9879887104034424,0.9879887104034424,0.0120112998411059,0.0120112998411059,False,,2026-05-11T17:03:55+00:00,True,0.8375919461250305,0.1503967642784118,perturbed,weapon,non_weapon,histogram_modification,anti_forensic,0.9879887104034424,False,True,0.0,histogram_modification,1,0.9879887104034424,0.0,img_00000474,8,,,,,pending
candidate_0026,img_00013588__histogram_modification,perturbed,anti_forensic,histogram_modification,unknown,img_00013588,img_00013588__histogram_modification,fold_1,weapon,04_telegram_youtube,attacks/anti_forensic/histogram_modification/fold_1/weapon/img_00013588__histogram_modification.jpg,e63a26af49e20396b6c0e90446523b972b048384fa70e42d1424ed980dd91fae,604344e416b7de49dcb92551c4d19397,attacks/manifests/anti_forensic_attacks_manifest.csv,efficientnet_b0,fold_1,models/checkpoints/efficientnet_b0/fold_1.pt,True,e63a26af49e20396b6c0e90446523b972b048384fa70e42d1424ed980dd91fae,604344e416b7de49dcb92551c4d19397,non_weapon,0.8701076507568359,0.8701076507568359,0.1298923194408416,0.1298923194408416,False,,2026-05-11T17:03:55+00:00,True,0.9757394790649414,-0.1056318283081054,perturbed,weapon,non_weapon,histogram_modification,anti_forensic,0.8701076507568359,False,True,0.0,histogram_modification,1,0.8701076507568359,0.0,img_00013588,8,,,,,pending
candidate_0027,img_00013599__histogram_modification,perturbed,anti_forensic,histogram_modification,unknown,img_00013599,img_00013599__histogram_modification,fold_2,weapon,04_telegram_youtube,attacks/anti_forensic/histogram_modification/fold_2/weapon/img_00013599__histogram_modification.jpg,6f7bccf4ffa907bcabb70fa19ad4d787d2b2d25d4473a10e88fa764e897eab30,abe2ee05578b3d8c63bef1ce1dbfbbf9,attacks/manifests/anti_forensic_attacks_manifest.csv,efficientnet_b0,fold_2,models/checkpoints/efficientnet_b0/fold_2.pt,True,6f7bccf4ffa907bcabb70fa19ad4d787d2b2d25d4473a10e88fa764e897eab30,abe2ee05578b3d8c63bef1ce1dbfbbf9,non_weapon,0.8515905737876892,0.8515905737876892,0.1484094858169555,0.1484094858169555,False,,2026-05-11T17:03:55+00:00,True,0.728446900844574,0.1231436729431152,perturbed,weapon,non_weapon,histogram_modification,anti_forensic,0.8515905737876892,False,True,0.0,histogram_modification,1,0.8515905737876892,0.0,img_00013599,8,,,,,pending
candidate_0028,img_00014947__contrast_stretching,perturbed,anti_forensic,contrast_stretching,unknown,img_00014947,img_00014947__contrast_stretching,fold_4,non_weapon,05_deepweb,attacks/anti_forensic/contrast_stretching/fold_4/non_weapon/img_00014947__contrast_stretching.jpg,cf11324acae7968185bb6bb44a81d71b661ccfbfe247b8d04272353a5c54772c,8a2bc7ff33089bf0df0403679c5184a2,attacks/manifests/anti_forensic_attacks_manifest.csv,efficientnet_b0,fold_4,models/checkpoints/efficientnet_b0/fold_4.pt,True,cf11324acae7968185bb6bb44a81d71b661ccfbfe247b8d04272353a5c54772c,8a2bc7ff33089bf0df0403679c5184a2,weapon,0.7644509673118591,0.2355490028858184,0.7644509673118591,0.2355490028858184,False,,2026-05-11T17:03:55+00:00,True,0.5465148687362671,0.217936098575592,perturbed,non_weapon,weapon,contrast_stretching,anti_forensic,0.7644509673118591,False,True,0.0,contrast_stretching,2,0.7644509673118591,0.0,img_00014947,9,,,,,pending
candidate_0029,img_00013505__contrast_stretching,perturbed,anti_forensic,contrast_stretching,unknown,img_00013505,img_00013505__contrast_stretching,fold_5,non_weapon,04_telegram_youtube,attacks/anti_forensic/contrast_stretching/fold_5/non_weapon/img_00013505__contrast_stretching.jpg,9b907800259061e6b9008466f1f64ba58fe34f3aa1f2c2b1e2d3bf1c8dc6b813,9a8695aef64f5668f59555e6359abc66,attacks/manifests/anti_forensic_attacks_manifest.csv,efficientnet_b0,fold_5,models/checkpoints/efficientnet_b0/fold_5.pt,True,9b907800259061e6b9008466f1f64ba58fe34f3aa1f2c2b1e2d3bf1c8dc6b813,9a8695aef64f5668f59555e6359abc66,weapon,0.7426350712776184,0.2573648989200592,0.7426350712776184,0.2573648989200592,False,,2026-05-11T17:03:55+00:00,True,0.6261568069458008,0.1164782643318176,perturbed,non_weapon,weapon,contrast_stretching,anti_forensic,0.7426350712776184,False,True,0.0,contrast_stretching,2,0.7426350712776184,0.0,img_00013505,9,,,,,pending
candidate_0030,img_00013870__contrast_stretching,perturbed,anti_forensic,contrast_stretching,unknown,img_00013870,img_00013870__contrast_stretching,fold_1,non_weapon,04_telegram_youtube,attacks/anti_forensic/contrast_stretching/fold_1/non_weapon/img_00013870__contrast_stretching.jpg,c8281d0eeac47181a1fa6d16c10f206cf1957d99849df54f0cb026e4f37a8efa,5660518f244415dd4022db275f0ec93e,attacks/manifests/anti_forensic_attacks_manifest.csv,efficientnet_b0,fold_1,models/checkpoints/efficientnet_b0/fold_1.pt,True,c8281d0eeac47181a1fa6d16c10f206cf1957d99849df54f0cb026e4f37a8efa,5660518f244415dd4022db275f0ec93e,weapon,0.659820020198822,0.340179979801178,0.659820020198822,0.340179979801178,False,,2026-05-11T17:03:55+00:00,True,0.7077432870864868,-0.0479232668876647,perturbed,non_weapon,weapon,contrast_stretching,anti_forensic,0.659820020198822,False,True,0.0,contrast_stretching,2,0.659820020198822,0.0,img_00013870,9,,,,,pending
