Record,Tags,Comments,Identifier,Column Name,Artifact,Artifact ID,Source,Location,Evidence number,Deleted source,Recovery method,Item ID
1,,,EG031671,Camera Serial Number,Pictures,135,PhysicalDrive1 Intel Raid 1 Volume (3.64 TB) - May 19 2026 214908.zip\D\msc-thesis-ai-robustness-in-digital-forensics\datasets\forensic_evaluation_bundle\blind_tool_input\files\bundle_000137.jpg,n/a,PhysicalDrive1 Intel Raid 1 Volume (3.64 TB),,,136
2,,,3021687,Camera Serial Number,Pictures,143,PhysicalDrive1 Intel Raid 1 Volume (3.64 TB) - May 19 2026 214908.zip\D\msc-thesis-ai-robustness-in-digital-forensics\datasets\forensic_evaluation_bundle\blind_tool_input\files\bundle_000139.jpg,n/a,PhysicalDrive1 Intel Raid 1 Volume (3.64 TB),,,144
3,,,023051000527,Camera Serial Number,Pictures,318,PhysicalDrive1 Intel Raid 1 Volume (3.64 TB) - May 19 2026 214908.zip\D\msc-thesis-ai-robustness-in-digital-forensics\datasets\forensic_evaluation_bundle\blind_tool_input\files\bundle_000312.jpeg,n/a,PhysicalDrive1 Intel Raid 1 Volume (3.64 TB),,,319
4,,,0000005e74,Lens Serial Number,Pictures,318,PhysicalDrive1 Intel Raid 1 Volume (3.64 TB) - May 19 2026 214908.zip\D\msc-thesis-ai-robustness-in-digital-forensics\datasets\forensic_evaluation_bundle\blind_tool_input\files\bundle_000312.jpeg,n/a,PhysicalDrive1 Intel Raid 1 Volume (3.64 TB),,,320
5,,,142066011712,Camera Serial Number,Pictures,328,PhysicalDrive1 Intel Raid 1 Volume (3.64 TB) - May 19 2026 214908.zip\D\msc-thesis-ai-robustness-in-digital-forensics\datasets\forensic_evaluation_bundle\blind_tool_input\files\bundle_000325.jpg,n/a,PhysicalDrive1 Intel Raid 1 Volume (3.64 TB),,,329
6,,,0000e051e9,Lens Serial Number,Pictures,328,PhysicalDrive1 Intel Raid 1 Volume (3.64 TB) - May 19 2026 214908.zip\D\msc-thesis-ai-robustness-in-digital-forensics\datasets\forensic_evaluation_bundle\blind_tool_input\files\bundle_000325.jpg,n/a,PhysicalDrive1 Intel Raid 1 Volume (3.64 TB),,,330
7,,,072012000383,Camera Serial Number,Pictures,535,PhysicalDrive1 Intel Raid 1 Volume (3.64 TB) - May 19 2026 214908.zip\D\msc-thesis-ai-robustness-in-digital-forensics\datasets\forensic_evaluation_bundle\blind_tool_input\files\bundle_000507.jpeg,n/a,PhysicalDrive1 Intel Raid 1 Volume (3.64 TB),,,536
8,,,0000c1594e,Lens Serial Number,Pictures,535,PhysicalDrive1 Intel Raid 1 Volume (3.64 TB) - May 19 2026 214908.zip\D\msc-thesis-ai-robustness-in-digital-forensics\datasets\forensic_evaluation_bundle\blind_tool_input\files\bundle_000507.jpeg,n/a,PhysicalDrive1 Intel Raid 1 Volume (3.64 TB),,,537
9,,,192063079314,Camera Serial Number,Pictures,757,PhysicalDrive1 Intel Raid 1 Volume (3.64 TB) - May 19 2026 214908.zip\D\msc-thesis-ai-robustness-in-digital-forensics\datasets\forensic_evaluation_bundle\blind_tool_input\files\bundle_000755.jpg,n/a,PhysicalDrive1 Intel Raid 1 Volume (3.64 TB),,,759
10,,,00000f4150,Lens Serial Number,Pictures,757,PhysicalDrive1 Intel Raid 1 Volume (3.64 TB) - May 19 2026 214908.zip\D\msc-thesis-ai-robustness-in-digital-forensics\datasets\forensic_evaluation_bundle\blind_tool_input\files\bundle_000755.jpg,n/a,PhysicalDrive1 Intel Raid 1 Volume (3.64 TB),,,760
11,,,148055002276,Camera Serial Number,Pictures,761,PhysicalDrive1 Intel Raid 1 Volume (3.64 TB) - May 19 2026 214908.zip\D\msc-thesis-ai-robustness-in-digital-forensics\datasets\forensic_evaluation_bundle\blind_tool_input\files\bundle_000758.jpg,n/a,PhysicalDrive1 Intel Raid 1 Volume (3.64 TB),,,762
12,,,0000068153,Lens Serial Number,Pictures,761,PhysicalDrive1 Intel Raid 1 Volume (3.64 TB) - May 19 2026 214908.zip\D\msc-thesis-ai-robustness-in-digital-forensics\datasets\forensic_evaluation_bundle\blind_tool_input\files\bundle_000758.jpg,n/a,PhysicalDrive1 Intel Raid 1 Volume (3.64 TB),,,763
13,,,720506628,Camera Serial Number,Pictures,951,PhysicalDrive1 Intel Raid 1 Volume (3.64 TB) - May 19 2026 214908.zip\D\msc-thesis-ai-robustness-in-digital-forensics\datasets\forensic_evaluation_bundle\blind_tool_input\files\bundle_000939.jpg,n/a,PhysicalDrive1 Intel Raid 1 Volume (3.64 TB),,,953
14,,,2011670,Camera Serial Number,Pictures,958,PhysicalDrive1 Intel Raid 1 Volume (3.64 TB) - May 19 2026 214908.zip\D\msc-thesis-ai-robustness-in-digital-forensics\datasets\forensic_evaluation_bundle\blind_tool_input\files\bundle_000948.jpg,n/a,PhysicalDrive1 Intel Raid 1 Volume (3.64 TB),,,960
15,,,2017929,Camera Serial Number,Pictures,963,PhysicalDrive1 Intel Raid 1 Volume (3.64 TB) - May 19 2026 214908.zip\D\msc-thesis-ai-robustness-in-digital-forensics\datasets\forensic_evaluation_bundle\blind_tool_input\files\bundle_000931.jpg,n/a,PhysicalDrive1 Intel Raid 1 Volume (3.64 TB),,,966
16,,,093031013087,Camera Serial Number,Pictures,1114,PhysicalDrive1 Intel Raid 1 Volume (3.64 TB) - May 19 2026 214908.zip\D\msc-thesis-ai-robustness-in-digital-forensics\datasets\forensic_evaluation_bundle\blind_tool_input\files\bundle_001100.jpeg,n/a,PhysicalDrive1 Intel Raid 1 Volume (3.64 TB),,,1115
17,,,0000000000,Lens Serial Number,Pictures,1114,PhysicalDrive1 Intel Raid 1 Volume (3.64 TB) - May 19 2026 214908.zip\D\msc-thesis-ai-robustness-in-digital-forensics\datasets\forensic_evaluation_bundle\blind_tool_input\files\bundle_001100.jpeg,n/a,PhysicalDrive1 Intel Raid 1 Volume (3.64 TB),,,1116
18,,,158056000538,Camera Serial Number,Pictures,1393,PhysicalDrive1 Intel Raid 1 Volume (3.64 TB) - May 19 2026 214908.zip\D\msc-thesis-ai-robustness-in-digital-forensics\datasets\forensic_evaluation_bundle\blind_tool_input\files\bundle_001372.jpg,n/a,PhysicalDrive1 Intel Raid 1 Volume (3.64 TB),,,1395
19,,,0000047a26,Lens Serial Number,Pictures,1393,PhysicalDrive1 Intel Raid 1 Volume (3.64 TB) - May 19 2026 214908.zip\D\msc-thesis-ai-robustness-in-digital-forensics\datasets\forensic_evaluation_bundle\blind_tool_input\files\bundle_001372.jpg,n/a,PhysicalDrive1 Intel Raid 1 Volume (3.64 TB),,,1396
20,,,00000ae814,Lens Serial Number,Pictures,1405,PhysicalDrive1 Intel Raid 1 Volume (3.64 TB) - May 19 2026 214908.zip\D\msc-thesis-ai-robustness-in-digital-forensics\datasets\forensic_evaluation_bundle\blind_tool_input\files\bundle_001383.jpg,n/a,PhysicalDrive1 Intel Raid 1 Volume (3.64 TB),,,1406
21,,,EG031671,Camera Serial Number,Pictures,50137,PhysicalDrive1 Intel Raid 1 Volume (3.64 TB) - May 20 2026 191840.zip\D\msc-thesis-ai-robustness-in-digital-forensics\datasets\forensic_evaluation_bundle\blind_tool_input\files\bundle_000137.jpg,n/a,PhysicalDrive1 Intel Raid 1 Volume (3.64 TB),,,50138
22,,,3021687,Camera Serial Number,Pictures,50143,PhysicalDrive1 Intel Raid 1 Volume (3.64 TB) - May 20 2026 191840.zip\D\msc-thesis-ai-robustness-in-digital-forensics\datasets\forensic_evaluation_bundle\blind_tool_input\files\bundle_000139.jpg,n/a,PhysicalDrive1 Intel Raid 1 Volume (3.64 TB),,,50144
23,,,023051000527,Camera Serial Number,Pictures,50318,PhysicalDrive1 Intel Raid 1 Volume (3.64 TB) - May 20 2026 191840.zip\D\msc-thesis-ai-robustness-in-digital-forensics\datasets\forensic_evaluation_bundle\blind_tool_input\files\bundle_000312.jpeg,n/a,PhysicalDrive1 Intel Raid 1 Volume (3.64 TB),,,50319
24,,,0000005e74,Lens Serial Number,Pictures,50318,PhysicalDrive1 Intel Raid 1 Volume (3.64 TB) - May 20 2026 191840.zip\D\msc-thesis-ai-robustness-in-digital-forensics\datasets\forensic_evaluation_bundle\blind_tool_input\files\bundle_000312.jpeg,n/a,PhysicalDrive1 Intel Raid 1 Volume (3.64 TB),,,50320
25,,,142066011712,Camera Serial Number,Pictures,50327,PhysicalDrive1 Intel Raid 1 Volume (3.64 TB) - May 20 2026 191840.zip\D\msc-thesis-ai-robustness-in-digital-forensics\datasets\forensic_evaluation_bundle\blind_tool_input\files\bundle_000325.jpg,n/a,PhysicalDrive1 Intel Raid 1 Volume (3.64 TB),,,50328
26,,,0000e051e9,Lens Serial Number,Pictures,50327,PhysicalDrive1 Intel Raid 1 Volume (3.64 TB) - May 20 2026 191840.zip\D\msc-thesis-ai-robustness-in-digital-forensics\datasets\forensic_evaluation_bundle\blind_tool_input\files\bundle_000325.jpg,n/a,PhysicalDrive1 Intel Raid 1 Volume (3.64 TB),,,50329
27,,,072012000383,Camera Serial Number,Pictures,50523,PhysicalDrive1 Intel Raid 1 Volume (3.64 TB) - May 20 2026 191840.zip\D\msc-thesis-ai-robustness-in-digital-forensics\datasets\forensic_evaluation_bundle\blind_tool_input\files\bundle_000507.jpeg,n/a,PhysicalDrive1 Intel Raid 1 Volume (3.64 TB),,,50524
28,,,0000c1594e,Lens Serial Number,Pictures,50523,PhysicalDrive1 Intel Raid 1 Volume (3.64 TB) - May 20 2026 191840.zip\D\msc-thesis-ai-robustness-in-digital-forensics\datasets\forensic_evaluation_bundle\blind_tool_input\files\bundle_000507.jpeg,n/a,PhysicalDrive1 Intel Raid 1 Volume (3.64 TB),,,50525
29,,,192063079314,Camera Serial Number,Pictures,50757,PhysicalDrive1 Intel Raid 1 Volume (3.64 TB) - May 20 2026 191840.zip\D\msc-thesis-ai-robustness-in-digital-forensics\datasets\forensic_evaluation_bundle\blind_tool_input\files\bundle_000755.jpg,n/a,PhysicalDrive1 Intel Raid 1 Volume (3.64 TB),,,50759
30,,,00000f4150,Lens Serial Number,Pictures,50757,PhysicalDrive1 Intel Raid 1 Volume (3.64 TB) - May 20 2026 191840.zip\D\msc-thesis-ai-robustness-in-digital-forensics\datasets\forensic_evaluation_bundle\blind_tool_input\files\bundle_000755.jpg,n/a,PhysicalDrive1 Intel Raid 1 Volume (3.64 TB),,,50760
31,,,148055002276,Camera Serial Number,Pictures,50761,PhysicalDrive1 Intel Raid 1 Volume (3.64 TB) - May 20 2026 191840.zip\D\msc-thesis-ai-robustness-in-digital-forensics\datasets\forensic_evaluation_bundle\blind_tool_input\files\bundle_000758.jpg,n/a,PhysicalDrive1 Intel Raid 1 Volume (3.64 TB),,,50763
32,,,0000068153,Lens Serial Number,Pictures,50761,PhysicalDrive1 Intel Raid 1 Volume (3.64 TB) - May 20 2026 191840.zip\D\msc-thesis-ai-robustness-in-digital-forensics\datasets\forensic_evaluation_bundle\blind_tool_input\files\bundle_000758.jpg,n/a,PhysicalDrive1 Intel Raid 1 Volume (3.64 TB),,,50765
33,,,720506628,Camera Serial Number,Pictures,50948,PhysicalDrive1 Intel Raid 1 Volume (3.64 TB) - May 20 2026 191840.zip\D\msc-thesis-ai-robustness-in-digital-forensics\datasets\forensic_evaluation_bundle\blind_tool_input\files\bundle_000939.jpg,n/a,PhysicalDrive1 Intel Raid 1 Volume (3.64 TB),,,50949
34,,,2017929,Camera Serial Number,Pictures,50963,PhysicalDrive1 Intel Raid 1 Volume (3.64 TB) - May 20 2026 191840.zip\D\msc-thesis-ai-robustness-in-digital-forensics\datasets\forensic_evaluation_bundle\blind_tool_input\files\bundle_000931.jpg,n/a,PhysicalDrive1 Intel Raid 1 Volume (3.64 TB),,,50965
35,,,2011670,Camera Serial Number,Pictures,50960,PhysicalDrive1 Intel Raid 1 Volume (3.64 TB) - May 20 2026 191840.zip\D\msc-thesis-ai-robustness-in-digital-forensics\datasets\forensic_evaluation_bundle\blind_tool_input\files\bundle_000948.jpg,n/a,PhysicalDrive1 Intel Raid 1 Volume (3.64 TB),,,50977
36,,,093031013087,Camera Serial Number,Pictures,51115,PhysicalDrive1 Intel Raid 1 Volume (3.64 TB) - May 20 2026 191840.zip\D\msc-thesis-ai-robustness-in-digital-forensics\datasets\forensic_evaluation_bundle\blind_tool_input\files\bundle_001100.jpeg,n/a,PhysicalDrive1 Intel Raid 1 Volume (3.64 TB),,,51116
37,,,0000000000,Lens Serial Number,Pictures,51115,PhysicalDrive1 Intel Raid 1 Volume (3.64 TB) - May 20 2026 191840.zip\D\msc-thesis-ai-robustness-in-digital-forensics\datasets\forensic_evaluation_bundle\blind_tool_input\files\bundle_001100.jpeg,n/a,PhysicalDrive1 Intel Raid 1 Volume (3.64 TB),,,51117
38,,,158056000538,Camera Serial Number,Pictures,51392,PhysicalDrive1 Intel Raid 1 Volume (3.64 TB) - May 20 2026 191840.zip\D\msc-thesis-ai-robustness-in-digital-forensics\datasets\forensic_evaluation_bundle\blind_tool_input\files\bundle_001372.jpg,n/a,PhysicalDrive1 Intel Raid 1 Volume (3.64 TB),,,51393
39,,,0000047a26,Lens Serial Number,Pictures,51392,PhysicalDrive1 Intel Raid 1 Volume (3.64 TB) - May 20 2026 191840.zip\D\msc-thesis-ai-robustness-in-digital-forensics\datasets\forensic_evaluation_bundle\blind_tool_input\files\bundle_001372.jpg,n/a,PhysicalDrive1 Intel Raid 1 Volume (3.64 TB),,,51394
40,,,00000ae814,Lens Serial Number,Pictures,51405,PhysicalDrive1 Intel Raid 1 Volume (3.64 TB) - May 20 2026 191840.zip\D\msc-thesis-ai-robustness-in-digital-forensics\datasets\forensic_evaluation_bundle\blind_tool_input\files\bundle_001383.jpg,n/a,PhysicalDrive1 Intel Raid 1 Volume (3.64 TB),,,51406
