evaluated_model,sample_type,attack_family,attack_name,attack_target_model,total,accuracy,balanced_accuracy,precision_weapon,recall_weapon,f1_weapon,precision_non_weapon,recall_non_weapon,f1_non_weapon,macro_precision,macro_recall,macro_f1,tp,tn,fp,fn,false_positive_rate,false_negative_rate,misclassification_rate,weapon_to_non_weapon,non_weapon_to_weapon,confidence_mean
clip,clean,none,clean,none,1000,0.927,0.927,0.8805704099821747,0.988,0.9311969839773798,0.9863325740318907,0.866,0.9222577209797658,0.9334514920070327,0.927,0.9267273524785729,494,433,67,6,0.134,0.012,0.073,6,67,0.5587085811495781
efficientnet_b0,clean,none,clean,none,1000,0.978,0.978,0.9723320158102767,0.984,0.978131212723658,0.9838056680161943,0.972,0.977867203219316,0.9780688419132355,0.978,0.977999207971487,492,486,14,8,0.028,0.016,0.022,8,14,0.9786273601055145
resnet18,clean,none,clean,none,1000,0.964,0.964,0.958498023715415,0.97,0.9642147117296223,0.9696356275303644,0.958,0.9637826961770624,0.9640668256228897,0.964,0.9639987039533423,485,479,21,15,0.042,0.03,0.036,15,21,0.9744869185686111
clip,perturbed,adversarial,color_shift,model_agnostic,1000,0.925,0.925,0.8774422735346359,0.988,0.929444967074318,0.9862700228832952,0.862,0.9199573105656351,0.9318561482089656,0.925,0.9247011388199766,494,431,69,6,0.138,0.012,0.075,6,69,0.5581106961369514
clip,perturbed,adversarial,fgsm,efficientnet_b0,1000,0.914,0.9139999999999999,0.8696428571428572,0.974,0.9188679245283019,0.9704545454545455,0.854,0.9085106382978724,0.9200487012987013,0.9139999999999999,0.9136892814130871,487,427,73,13,0.146,0.026,0.086,13,73,0.5543709317445755
clip,perturbed,adversarial,one_pixel,efficientnet_b0,1000,0.928,0.9279999999999999,0.8821428571428571,0.988,0.9320754716981132,0.9863636363636363,0.868,0.923404255319149,0.9342532467532467,0.9279999999999999,0.9277398635086311,494,434,66,6,0.132,0.012,0.072,6,66,0.5586641605496406
clip,perturbed,adversarial,sigma_zero,efficientnet_b0,1000,0.944,0.944,0.9157303370786517,0.978,0.9458413926499033,0.9763948497854077,0.91,0.9420289855072463,0.9460625934320297,0.944,0.9439351890785748,489,455,45,11,0.09,0.022,0.056,11,45,0.5551353436112404
clip,perturbed,adversarial,superdeepfool,efficientnet_b0,1000,0.926,0.9259999999999999,0.8790035587188612,0.988,0.9303201506591336,0.9863013698630136,0.864,0.9211087420042644,0.9326524642909374,0.9259999999999999,0.9257144463316991,494,432,68,6,0.136,0.012,0.074,6,68,0.558355144739151
efficientnet_b0,perturbed,adversarial,color_shift,model_agnostic,1000,0.977,0.977,0.9722772277227723,0.982,0.9771144278606965,0.9818181818181818,0.972,0.9768844221105527,0.9770477047704771,0.977,0.9769994249856246,491,486,14,9,0.028,0.018,0.023,9,14,0.9796242500543595
efficientnet_b0,perturbed,adversarial,fgsm,efficientnet_b0,1000,0.575,0.5750000000000001,0.6404494382022472,0.342,0.4458930899608866,0.5511596180081856,0.808,0.6553122465531225,0.5958045281052164,0.5750000000000001,0.5506026682570045,171,404,96,329,0.192,0.658,0.425,329,96,0.8540291185379029
efficientnet_b0,perturbed,adversarial,one_pixel,efficientnet_b0,1000,0.976,0.976,0.9703557312252964,0.982,0.9761431411530814,0.9817813765182186,0.97,0.9758551307847082,0.9760685538717575,0.976,0.9759991359688949,491,485,15,9,0.03,0.018,0.024,9,15,0.9764011086821556
efficientnet_b0,perturbed,adversarial,sigma_zero,efficientnet_b0,1000,0.015,0.015,0.006109979633401222,0.006,0.006054490413723511,0.023575638506876228,0.024,0.023785926660059464,0.014842809070138725,0.015,0.014920208536891487,3,12,488,497,0.976,0.994,0.985,497,488,0.7208273704648018
efficientnet_b0,perturbed,adversarial,superdeepfool,efficientnet_b0,1000,0.931,0.931,0.8896925858951176,0.984,0.9344729344729344,0.9821029082774049,0.878,0.9271383315733897,0.9358977470862613,0.931,0.930805633023162,492,439,61,8,0.122,0.016,0.069,8,61,0.672331967830658
resnet18,perturbed,adversarial,color_shift,model_agnostic,1000,0.963,0.963,0.9676767676767677,0.958,0.9628140703517588,0.9584158415841584,0.968,0.9631840796019899,0.963046304630463,0.963,0.9629990749768744,479,484,16,21,0.032,0.042,0.037,21,16,0.9730979749560356
resnet18,perturbed,adversarial,fgsm,efficientnet_b0,1000,0.918,0.918,0.918,0.918,0.918,0.918,0.918,0.918,0.918,0.918,0.918,459,459,41,41,0.082,0.082,0.082,41,41,0.9514679179787636
resnet18,perturbed,adversarial,one_pixel,efficientnet_b0,1000,0.963,0.963,0.9584158415841584,0.968,0.9631840796019899,0.9676767676767677,0.958,0.9628140703517588,0.963046304630463,0.963,0.9629990749768744,484,479,21,16,0.042,0.032,0.037,16,21,0.9744116854667664
resnet18,perturbed,adversarial,sigma_zero,efficientnet_b0,1000,0.968,0.968,0.9642857142857143,0.972,0.9681274900398406,0.9717741935483871,0.964,0.9678714859437753,0.9680299539170507,0.968,0.9679994879918079,486,482,18,14,0.036,0.028,0.032,14,18,0.9788060981035233
resnet18,perturbed,adversarial,superdeepfool,efficientnet_b0,1000,0.964,0.964,0.958498023715415,0.97,0.9642147117296223,0.9696356275303644,0.958,0.9637826961770624,0.9640668256228897,0.964,0.9639987039533423,485,479,21,15,0.042,0.03,0.036,15,21,0.9732265638709068
clip,perturbed,anti_forensic,contrast_stretching,unknown,1000,0.927,0.927,0.8805704099821747,0.988,0.9311969839773798,0.9863325740318907,0.866,0.9222577209797658,0.9334514920070327,0.927,0.9267273524785729,494,433,67,6,0.134,0.012,0.073,6,67,0.5585327206850051
clip,perturbed,anti_forensic,gaussian_blur,unknown,1000,0.934,0.9339999999999999,0.8945454545454545,0.984,0.9371428571428572,0.9822222222222222,0.884,0.9305263157894736,0.9383838383838383,0.9339999999999999,0.9338345864661655,492,442,58,8,0.116,0.016,0.066,8,58,0.5562205280065536
clip,perturbed,anti_forensic,histogram_modification,unknown,1000,0.925,0.925,0.8856624319419237,0.976,0.9286393910561369,0.9732739420935412,0.874,0.9209694415173867,0.9294681870177325,0.925,0.9248044162867618,488,437,63,12,0.126,0.024,0.075,12,63,0.5550473846793175
clip,perturbed,anti_forensic,jpeg_recompression,unknown,1000,0.925,0.925,0.8774422735346359,0.988,0.929444967074318,0.9862700228832952,0.862,0.9199573105656351,0.9318561482089656,0.925,0.9247011388199766,494,431,69,6,0.138,0.012,0.075,6,69,0.5591189851760864
clip,perturbed,anti_forensic,resample_resize,unknown,1000,0.929,0.929,0.8850987432675045,0.986,0.9328287606433302,0.9841986455981941,0.872,0.9247083775185578,0.9346486944328494,0.929,0.928768569080944,493,436,64,7,0.128,0.014,0.071,7,64,0.5583001042604446
efficientnet_b0,perturbed,anti_forensic,contrast_stretching,unknown,1000,0.974,0.974,0.9647058823529412,0.984,0.9742574257425741,0.9836734693877551,0.964,0.9737373737373737,0.9741896758703481,0.974,0.9739973997399739,492,482,18,8,0.036,0.016,0.026,8,18,0.9785689641833305
efficientnet_b0,perturbed,anti_forensic,gaussian_blur,unknown,1000,0.965,0.965,0.979381443298969,0.95,0.9644670050761421,0.9514563106796117,0.98,0.9655172413793104,0.9654188769892904,0.965,0.9649921232277263,475,490,10,25,0.02,0.05,0.035,25,10,0.9686802257299423
efficientnet_b0,perturbed,anti_forensic,histogram_modification,unknown,1000,0.973,0.973,0.9777777777777777,0.968,0.9728643216080402,0.9683168316831683,0.978,0.9731343283582089,0.9730473047304731,0.973,0.9729993249831246,484,489,11,16,0.022,0.032,0.027,16,11,0.9708144295215607
efficientnet_b0,perturbed,anti_forensic,jpeg_recompression,unknown,1000,0.976,0.976,0.9703557312252964,0.982,0.9761431411530814,0.9817813765182186,0.97,0.9758551307847082,0.9760685538717575,0.976,0.9759991359688949,491,485,15,9,0.03,0.018,0.024,9,15,0.9788544699549675
efficientnet_b0,perturbed,anti_forensic,resample_resize,unknown,1000,0.976,0.976,0.9722222222222222,0.98,0.9760956175298804,0.9798387096774194,0.972,0.9759036144578314,0.9760304659498208,0.976,0.9759996159938559,490,486,14,10,0.028,0.02,0.024,10,14,0.9754984064698219
resnet18,perturbed,anti_forensic,contrast_stretching,unknown,1000,0.963,0.963,0.9512670565302144,0.976,0.9634748272458045,0.9753593429158111,0.95,0.9625126646403241,0.9633131997230127,0.963,0.9629937459430643,488,475,25,12,0.05,0.024,0.037,12,25,0.9728435859680176
resnet18,perturbed,anti_forensic,gaussian_blur,unknown,1000,0.959,0.959,0.9771309771309772,0.94,0.9582059123343526,0.9421965317919075,0.978,0.959764474975466,0.9596637544614424,0.959,0.9589851936549093,470,489,11,30,0.022,0.06,0.041,30,11,0.9680907781720162
resnet18,perturbed,anti_forensic,histogram_modification,unknown,1000,0.934,0.9339999999999999,0.9392712550607287,0.928,0.9336016096579478,0.9288537549407114,0.94,0.9343936381709742,0.9340625050007201,0.9339999999999999,0.933997623914461,464,470,30,36,0.06,0.072,0.066,36,30,0.9588220264911652
resnet18,perturbed,anti_forensic,jpeg_recompression,unknown,1000,0.964,0.964,0.9566929133858267,0.972,0.9642857142857142,0.9715447154471545,0.956,0.9637096774193548,0.9641188144164906,0.964,0.9639976958525345,486,478,22,14,0.044,0.028,0.036,14,22,0.9740664744377137
resnet18,perturbed,anti_forensic,resample_resize,unknown,1000,0.963,0.963,0.9639278557114228,0.962,0.9629629629629629,0.9620758483033932,0.964,0.963036963036963,0.963001852007408,0.963,0.9629999629999629,481,482,18,19,0.036,0.038,0.037,19,18,0.9744911054372788
